#IAA,A#IAA,A_pos#IAA,A_nag
OR2J1#6.179402434268804#1.5114791020751#0.0
