{"recall": 0.5225343130518432, "precision": 0.9473889321901793, "train_time": 8.069035999999997, "bias": 0.058456742010911916, "variance": 0.42526558406015713, "serious_err": 0.03507404520654715}
{"recall": 0.5399417139256459, "precision": 0.9547934528448948, "train_time": 8.449031000000005, "bias": 0.06936866718628215, "variance": 0.40750287499643095, "serious_err": 0.030397505845674203}
{"recall": 0.49976629913710446, "precision": 0.95128604832424, "train_time": 8.134450999999999, "bias": 0.03975058456742009, "variance": 0.43957343740223037, "serious_err": 0.030007794232268122}
{"recall": 0.5707690671696997, "precision": 0.9649259547934529, "train_time": 8.163669999999996, "bias": 0.015588464536243185, "variance": 0.3380266802098793, "serious_err": 0.019875292283710055}
{"recall": 0.5497787966537967, "precision": 0.9442712392829307, "train_time": 8.162585000000007, "bias": 0.02844894777864379, "variance": 0.42280718114269644, "serious_err": 0.03819173811379579}
{"recall": 0.5401876059106815, "precision": 0.9431021044427124, "train_time": 8.130353000000014, "bias": 0.026890101325019483, "variance": 0.40262844232602246, "serious_err": 0.03156664068589244}
{"recall": 0.5524183910015875, "precision": 0.9516757599376462, "train_time": 8.141323, "bias": 0.11964146531566644, "variance": 0.4490530281169487, "serious_err": 0.03195635229929852}
{"recall": 0.5492835327394566, "precision": 0.9493374902572097, "train_time": 7.973842999999988, "bias": 0.0666406858924396, "variance": 0.4098224640344478, "serious_err": 0.029618082618862042}
{"recall": 0.5405849649487269, "precision": 0.9508476227591582, "train_time": 8.1530365, "bias": 0.053098207326578335, "variance": 0.4118349615361016, "serious_err": 0.03083593141075604}
