{"recall": 0.5237123224572983, "precision": 0.9540140296180826, "train_time": 1.8787570000000073, "bias": 0.05416991426344506, "variance": 0.3653430950574361, "serious_err": 0.026500389711613406}
{"recall": 0.5595171957671957, "precision": 0.9520654715510523, "train_time": 1.805309999999963, "bias": 0.058456742010911944, "variance": 0.3808384601318641, "serious_err": 0.030007794232268122}
{"recall": 0.5477652327213764, "precision": 0.9477786438035853, "train_time": 1.841258000000039, "bias": 0.06508183943881526, "variance": 0.3998952972773648, "serious_err": 0.0323460639127046}
{"recall": 0.5441810344827587, "precision": 0.9477786438035853, "train_time": 1.950380999999993, "bias": 0.06703039750584566, "variance": 0.3922333482575972, "serious_err": 0.030007794232268122}
{"recall": 0.5789784164008226, "precision": 0.9528448947778644, "train_time": 1.826030000000003, "bias": 0.04949337490257211, "variance": 0.3440040301587582, "serious_err": 0.027279812938425563}
{"recall": 0.5594581855673905, "precision": 0.9516757599376462, "train_time": 1.9001850000000218, "bias": 0.0705378020265004, "variance": 0.37733151123663417, "serious_err": 0.027669524551831644}
{"recall": 0.5316004985519998, "precision": 0.9536243180046765, "train_time": 1.8395110000000159, "bias": 0.05300077942322681, "variance": 0.38378483787936135, "serious_err": 0.027669524551831644}
{"recall": 0.5398307043429738, "precision": 0.9501169134840218, "train_time": 1.9860680000000457, "bias": 0.05144193296960248, "variance": 0.3925213035261155, "serious_err": 0.03195635229929852}
{"recall": 0.548130448786477, "precision": 0.9512373343725642, "train_time": 1.878437500000011, "bias": 0.05865159781761497, "variance": 0.3794939854406414, "serious_err": 0.029179657053780204}
