{"recall": 0.5579983356804507, "precision": 0.946219797349961, "train_time": 1.2177369999999428, "bias": 0.06858924395947, "variance": 0.4146252116380099, "serious_err": 0.03195635229929852}
{"recall": 0.5276253110903718, "precision": 0.950896336710834, "train_time": 1.2024310000000469, "bias": 0.0572876071706937, "variance": 0.4016284963935728, "serious_err": 0.028838659392049885}
{"recall": 0.5353300954133204, "precision": 0.9520654715510523, "train_time": 1.2257230000000163, "bias": 0.0646921278254092, "variance": 0.41358577816873815, "serious_err": 0.02922837100545596}
{"recall": 0.5128042004219749, "precision": 0.9423226812159002, "train_time": 1.2369400000000041, "bias": 0.07053780202650037, "variance": 0.43734709970117036, "serious_err": 0.037412314886983634}
{"recall": 0.5349537037037037, "precision": 0.9497272018706158, "train_time": 1.1663630000000467, "bias": 0.051052221356196414, "variance": 0.39373038152858075, "serious_err": 0.02533125487139517}
{"recall": 0.5359776608590651, "precision": 0.9489477786438035, "train_time": 1.1804349999999886, "bias": 0.0775526110678098, "variance": 0.41526384660853694, "serious_err": 0.03273577552611068}
{"recall": 0.5365195091865221, "precision": 0.9427123928293063, "train_time": 1.2014580000000024, "bias": 0.09158222915042868, "variance": 0.45809749655091553, "serious_err": 0.03897116134060795}
{"recall": 0.5399331733935883, "precision": 0.9489477786438035, "train_time": 1.2289789999999812, "bias": 0.08261886204208888, "variance": 0.39301823898950783, "serious_err": 0.033904910366328915}
{"recall": 0.5351427487186246, "precision": 0.9477299298519094, "train_time": 1.2075082500000036, "bias": 0.07048908807482464, "variance": 0.415912068697379, "serious_err": 0.03229734996102884}
