{"auc": 0.5986191411067822, "thresholds": 0.5850630615777755, "acc": 0.6220522625876355, "pre": 0.537109375, "rec": 0.4358161648177496, "f1_score": 0.48118985126859143}
{"auc": 0.6282287300328537, "thresholds": 0.4095605016855466, "acc": 0.49521988527724664, "pre": 0.24739039665970772, "rec": 0.7694805194805194, "f1_score": 0.3744075829383886}
{"auc": 0.6275088379518758, "thresholds": 0.5159500067680368, "acc": 0.668578712555768, "pre": 0.23551401869158878, "rec": 0.5316455696202531, "f1_score": 0.32642487046632124}
{"auc": 0.6434837964201268, "thresholds": 0.4967738449067835, "acc": 0.6507329509241555, "pre": 0.28055077452667815, "rec": 0.5563139931740614, "f1_score": 0.37299771167048057}
{"auc": 0.6437638320569365, "thresholds": 0.5822215318830121, "acc": 0.745697896749522, "pre": 0.2233502538071066, "rec": 0.4861878453038674, "f1_score": 0.3060869565217391}
{"auc": 0.6444764418846493, "thresholds": 0.5297498319506241, "acc": 0.7361376673040153, "pre": 0.21182266009852216, "rec": 0.4777777777777778, "f1_score": 0.2935153583617747}
{"auc": 0.5982365978461356, "thresholds": 0.5575665328228577, "acc": 0.7149234693877551, "pre": 0.20047732696897375, "rec": 0.42857142857142855, "f1_score": 0.27317073170731704}
{"auc": 0.6642119732108911, "thresholds": 0.4383134851497193, "acc": 0.5318877551020408, "pre": 0.3771689497716895, "rec": 0.8881720430107527, "f1_score": 0.5294871794871795}
{"auc": 0.6302599912870984, "thresholds": 0.5794678356611275, "acc": 0.7621173469387755, "pre": 0.20857142857142857, "rec": 0.4319526627218935, "f1_score": 0.28131021194605005}
{"auc": 0.6668637971158978, "thresholds": 0.4405994132062573, "acc": 0.4840561224489796, "pre": 0.2222222222222222, "rec": 0.8494208494208494, "f1_score": 0.3522818254603683}
{"auc": 0.6345653138913246, "thresholds": 0.5135266045611739, "acc": 0.6411404069275893, "pre": 0.27441774063179175, "rec": 0.5855338853899152, "f1_score": 0.35908722798282106}
