{"recall": 0.5168353588711166, "precision": 0.9684333593141076, "train_time": 221.28690300000017, "bias": 0.09508963367108342, "variance": 0.25752070513805764, "serious_err": 0.00779423226812159}
{"recall": 0.5673651825622569, "precision": 0.9773967264224473, "train_time": 226.07679199999984, "bias": 0.09158222915042867, "variance": 0.22037341237320704, "serious_err": 0.005455962587685113}
{"recall": 0.5487176884558127, "precision": 0.9777864380358535, "train_time": 224.67873400000008, "bias": 0.08807482462977398, "variance": 0.2097019055470269, "serious_err": 0.004676539360872954}
{"recall": 0.563301785648268, "precision": 0.9746687451286048, "train_time": 225.29012599999987, "bias": 0.09469992205767733, "variance": 0.236939952821506, "serious_err": 0.005845674201091193}
{"recall": 0.6148562918262349, "precision": 0.9707716289945441, "train_time": 221.2173810000004, "bias": 0.10872954014029618, "variance": 0.24889495646954693, "serious_err": 0.00779423226812159}
{"recall": 0.6150766307525265, "precision": 0.9684333593141076, "train_time": 222.45094599999993, "bias": 0.1137957911145752, "variance": 0.2660840331233609, "serious_err": 0.004676539360872954}
{"recall": 0.5817372218733453, "precision": 0.9719407638347622, "train_time": 222.54663100000016, "bias": 0.10288386593920498, "variance": 0.25519823047234996, "serious_err": 0.005845674201091193}
{"recall": 0.5364963503649635, "precision": 0.9758378799688231, "train_time": 225.92105999999967, "bias": 0.10054559625876852, "variance": 0.23229120661155023, "serious_err": 0.003897116134060795}
{"recall": 0.5680483137943155, "precision": 0.9731586126266564, "train_time": 223.683571625, "bias": 0.09942517537022602, "variance": 0.2408755503195757, "serious_err": 0.0057482462977396735}
