{"recall": 0.5229100678733031, "precision": 0.4469992205767732, "train_time": 2.8019290000000865, "bias": 0.6243180046765393, "variance": 0.6476393439236882, "serious_err": 0.12275915822291504}
{"recall": 0.5229100678733031, "precision": 0.4469992205767732, "train_time": 2.8019290000000865, "bias": 0.6243180046765393, "variance": 0.6476393439236882, "serious_err": 0.12275915822291504}