{"recall": 0.5229100678733031, "precision": 0.8281371784879189, "train_time": 2.8019290000000865, "bias": 0.6243180046765393, "variance": 0.6476393439236882, "serious_err": 0.12275915822291504}
{"recall": 0.579785781247062, "precision": 0.5888542478565861, "train_time": 2.8038480000000163, "bias": 1.2377240841777084, "variance": 2.010517657307715, "serious_err": 0.406858924395947}
{"recall": 0.5167843966142838, "precision": 0.5939204988308652, "train_time": 2.650160000000028, "bias": 0.8519095869056899, "variance": 0.9655984579205619, "serious_err": 0.3604832424006235}
{"recall": 0.4522458628841608, "precision": 0.4325798908807482, "train_time": 2.516019999999912, "bias": 1.8246297739672641, "variance": 1.188263210555444, "serious_err": 0.5280592361652378}
{"recall": 0.579894160762733, "precision": 0.5666406858924395, "train_time": 2.849260000000072, "bias": 1.5315666406858923, "variance": 1.6504065090040698, "serious_err": 0.4185502727981294}
{"recall": 0.43285371702637887, "precision": 0.4201091192517537, "train_time": 2.5208169999999654, "bias": 1.8589243959469992, "variance": 1.0276424907766226, "serious_err": 0.544037412314887}
{"recall": 0.5472962066182405, "precision": 0.5631332813717849, "train_time": 3.1392479999999523, "bias": 1.5354637568199534, "variance": 1.6579395160285986, "serious_err": 0.4208885424785659}
{"recall": 0.5992960078571533, "precision": 0.8246297739672642, "train_time": 2.72124000000008, "bias": 0.7540919719407638, "variance": 1.1277599510111542, "serious_err": 0.16445830085736554}
