{"recall": 0.5164790895297297, "precision": 0.7996882307092751, "train_time": 0.27345499999999845, "bias": 0.6387373343725643, "variance": 0.8675407283567292, "serious_err": 0.17653936087295402}
{"recall": 0.518409139138431, "precision": 0.813328137178488, "train_time": 0.25442699999999974, "bias": 0.5892439594699922, "variance": 0.8725889061891551, "serious_err": 0.16445830085736554}
{"recall": 0.5257704220099857, "precision": 0.8098207326578332, "train_time": 0.2642200000000017, "bias": 0.5989867498051442, "variance": 0.8130776950699509, "serious_err": 0.16484801247077163}
{"recall": 0.5252793508141103, "precision": 0.8059236165237724, "train_time": 0.2546530000000047, "bias": 0.6165237724084177, "variance": 0.838136941562698, "serious_err": 0.1671862821512081}
{"recall": 0.5168831383809696, "precision": 0.823460639127046, "train_time": 0.2650170000000003, "bias": 0.5900233826968043, "variance": 0.8233455177696952, "serious_err": 0.15510522213561964}
{"recall": 0.5145119606868311, "precision": 0.7899454403741232, "train_time": 0.25213999999999714, "bias": 0.6235385814497272, "variance": 0.8933508455496635, "serious_err": 0.1843335931410756}
{"recall": 0.5124873358763574, "precision": 0.7996882307092751, "train_time": 0.25674899999999923, "bias": 0.612626656274357, "variance": 0.8826776680969255, "serious_err": 0.17381137957911147}
{"recall": 0.5324519014371055, "precision": 0.8203429462197973, "train_time": 0.24775200000000552, "bias": 0.5872954014029618, "variance": 0.7684901909921031, "serious_err": 0.15471551052221355}
{"recall": 0.5202840422341901, "precision": 0.8077747466874514, "train_time": 0.25855162500000084, "bias": 0.6071219797349962, "variance": 0.844901061698365, "serious_err": 0.16762470771628993}
