{"recall": 0.5333070741829055, "precision": 0.8164458300857366, "train_time": 16.704687000000035, "bias": 0.5019485580670304, "variance": 0.8376813161378273, "serious_err": 0.15900233826968044}
{"recall": 0.5272804386702997, "precision": 0.8000779423226813, "train_time": 13.885969999999986, "bias": 0.5070148090413095, "variance": 0.8625774487284711, "serious_err": 0.17069368667186283}
{"recall": 0.5266423107527097, "precision": 0.8082618862042089, "train_time": 20.815259999999967, "bias": 0.5222135619641466, "variance": 0.8566772513515368, "serious_err": 0.16757599376461418}
{"recall": 0.533712853902571, "precision": 0.8129384255650819, "train_time": 15.699465999999973, "bias": 0.5229929851909586, "variance": 0.8737893273085477, "serious_err": 0.16445830085736554}
{"recall": 0.5300532645138621, "precision": 0.8250194855806703, "train_time": 15.272534000000007, "bias": 0.47427903351519873, "variance": 0.8159791177755276, "serious_err": 0.15081839438815275}
{"recall": 0.5280247347290735, "precision": 0.8316445830085737, "train_time": 20.450208999999973, "bias": 0.47155105222135624, "variance": 0.8548025046033356, "serious_err": 0.1500389711613406}
{"recall": 0.5309695291523975, "precision": 0.8254091971940763, "train_time": 18.33245800000003, "bias": 0.4590802805923616, "variance": 0.8250987644045978, "serious_err": 0.1543257989088075}
{"recall": 0.5244546690875055, "precision": 0.7899454403741232, "train_time": 17.44777099999999, "bias": 0.5498830865159782, "variance": 0.922492192098969, "serious_err": 0.18121590023382697}
{"recall": 0.5293056093739156, "precision": 0.813717848791894, "train_time": 17.326044374999995, "bias": 0.5011204208885425, "variance": 0.8561372403011016, "serious_err": 0.16226617303195634}
