{"recall": 0.528307696609004, "precision": 0.7872174590802806, "train_time": 34.02726199999597, "bias": 0.6200311769290725, "variance": 0.8427632102516937, "serious_err": 0.17731878409976617}
{"recall": 0.5174022766420661, "precision": 0.5035074045206547, "train_time": 34.148919999999634, "bias": 1.0455962587685113, "variance": 1.1378274503990975, "serious_err": 0.44544037412314885}
{"recall": 0.5207718582051394, "precision": 0.6044427123928293, "train_time": 33.629588999996486, "bias": 0.8538581449727201, "variance": 1.1388140313190842, "serious_err": 0.34489477786438033}
{"recall": 0.5301888258062382, "precision": 0.8024162120031177, "train_time": 32.69274700000096, "bias": 0.5280592361652378, "variance": 1.0231799434902973, "serious_err": 0.17731878409976617}
{"recall": 0.5276983630642167, "precision": 0.7361652377240842, "train_time": 32.14151700000366, "bias": 0.7388932190179268, "variance": 0.8515426565635272, "serious_err": 0.23460639127045985}
{"recall": 0.5191851100217357, "precision": 0.6979734996102884, "train_time": 31.75473599999532, "bias": 0.8109898674980515, "variance": 1.4120538136151812, "serious_err": 0.27474668745128605}
{"recall": 0.5419233476531123, "precision": 0.8254091971940763, "train_time": 31.48855000000185, "bias": 0.49999999999999994, "variance": 1.0567030397505845, "serious_err": 0.15705378020265004}
{"recall": 0.5221124020856878, "precision": 0.7439594699922057, "train_time": 31.483342999999877, "bias": 0.6640685892439595, "variance": 1.1856691831365131, "serious_err": 0.22681215900233828}
{"recall": 0.5259487350109, "precision": 0.7126363990646921, "train_time": 32.67083299999922, "bias": 0.720187061574435, "variance": 1.0810691660657474, "serious_err": 0.25477396726422447}
