{"recall": 0.5498860604308777, "precision": 0.921278254091972, "train_time": 9.185887999999977, "bias": 0.2209664848012471, "variance": 0.50885113137868, "serious_err": 0.059236165237724084}
{"recall": 0.5622904824200589, "precision": 0.9197194076383476, "train_time": 9.295849000000004, "bias": 0.2190179267342167, "variance": 0.49139202072305943, "serious_err": 0.06157443491816056}
{"recall": 0.5624063229645251, "precision": 0.9282930631332814, "train_time": 9.446984999999984, "bias": 0.19524551831644582, "variance": 0.444731876587475, "serious_err": 0.050272798129384254}
{"recall": 0.5480906865602052, "precision": 0.9220576773187841, "train_time": 9.167799000000002, "bias": 0.2447388932190179, "variance": 0.5153172155333035, "serious_err": 0.06313328137178488}
{"recall": 0.5598761795958268, "precision": 0.9224473889321901, "train_time": 9.141477999999978, "bias": 0.2443491816056118, "variance": 0.49797079623276747, "serious_err": 0.060795011691348405}
{"recall": 0.5484453268559637, "precision": 0.9177708495713173, "train_time": 9.28213199999999, "bias": 0.23421667965705378, "variance": 0.5215260231980166, "serious_err": 0.06703039750584568}
{"recall": 0.5407491838342903, "precision": 0.921667965705378, "train_time": 9.238426000000004, "bias": 0.2225253312548714, "variance": 0.559601728703612, "serious_err": 0.0646921278254092}
{"recall": 0.5522067463883321, "precision": 0.916601714731099, "train_time": 9.112243999999976, "bias": 0.2283710054559626, "variance": 0.5207227555739696, "serious_err": 0.06703039750584568}
{"recall": 0.55299387363126, "precision": 0.9212295401402962, "train_time": 9.23385012499999, "bias": 0.2261788776305534, "variance": 0.5075141934913604, "serious_err": 0.06172057677318784}
