{"auc": 0.6162131385184109, "thresholds": 0.47113482395696593, "acc": 0.6118546845124283, "pre": 0.5171339563862928, "rec": 0.526148969889065, "f1_score": 0.5216025137470542}
{"auc": 0.6475045572983718, "thresholds": 0.4482796772000852, "acc": 0.5073295092415552, "pre": 0.2502685284640172, "rec": 0.7564935064935064, "f1_score": 0.3761097659402744}
{"auc": 0.6858630782681416, "thresholds": 0.5320765235683711, "acc": 0.7291268323773104, "pre": 0.2873303167420814, "rec": 0.5358649789029536, "f1_score": 0.374079528718704}
{"auc": 0.6547564915959644, "thresholds": 0.475479891216724, "acc": 0.6347992351816444, "pre": 0.2727272727272727, "rec": 0.5733788395904437, "f1_score": 0.3696369636963696}
{"auc": 0.6340953237696434, "thresholds": 0.5108948386558212, "acc": 0.7163798597833014, "pre": 0.2079646017699115, "rec": 0.5193370165745856, "f1_score": 0.29699842022116907}
{"auc": 0.644082473402128, "thresholds": 0.550127532607801, "acc": 0.7737412364563416, "pre": 0.23880597014925373, "rec": 0.4444444444444444, "f1_score": 0.3106796116504854}
{"auc": 0.6159877580769917, "thresholds": 0.5298141419882438, "acc": 0.7238520408163265, "pre": 0.21026894865525672, "rec": 0.4387755102040816, "f1_score": 0.284297520661157}
{"auc": 0.6703545560007409, "thresholds": 0.43807932451685, "acc": 0.5235969387755102, "pre": 0.3738819320214669, "rec": 0.8989247311827957, "f1_score": 0.5281111813013266}
{"auc": 0.629773591449514, "thresholds": 0.5634711232195445, "acc": 0.7876275510204082, "pre": 0.22297297297297297, "rec": 0.3905325443786982, "f1_score": 0.28387096774193543}
{"auc": 0.6782019933280437, "thresholds": 0.44535279319559357, "acc": 0.4744897959183674, "pre": 0.2211253701875617, "rec": 0.8648648648648649, "f1_score": 0.35220125786163525}
{"auc": 0.6476832961707949, "thresholds": 0.4964710670126, "acc": 0.6482797684083194, "pre": 0.2802479870076088, "rec": 0.5948765406525439, "f1_score": 0.3697587731540111}
