{"auc": 0.6230574544078341, "thresholds": 0.4826305657478339, "acc": 0.6175908221797323, "pre": 0.5238095238095238, "rec": 0.5404120443740095, "f1_score": 0.5319812792511699}
{"auc": 0.6475586269400703, "thresholds": 0.5706139226140734, "acc": 0.7463352453792225, "pre": 0.3557692307692308, "rec": 0.36038961038961037, "f1_score": 0.3580645161290323}
{"auc": 0.6868450729210223, "thresholds": 0.5180912696156044, "acc": 0.691523263224984, "pre": 0.2665406427221172, "rec": 0.5949367088607594, "f1_score": 0.3681462140992167}
{"auc": 0.6550279777889523, "thresholds": 0.5489820480653012, "acc": 0.691523263224984, "pre": 0.29809725158562367, "rec": 0.4812286689419795, "f1_score": 0.36814621409921666}
{"auc": 0.6318105465951247, "thresholds": 0.516555499089111, "acc": 0.7131931166347992, "pre": 0.20697167755991286, "rec": 0.5248618784530387, "f1_score": 0.296875}
{"auc": 0.6424146068314535, "thresholds": 0.5728166211293995, "acc": 0.7743785850860421, "pre": 0.23952095808383234, "rec": 0.4444444444444444, "f1_score": 0.311284046692607}
{"auc": 0.6159319777473672, "thresholds": 0.6078340218148565, "acc": 0.7742346938775511, "pre": 0.24183006535947713, "rec": 0.37755102040816324, "f1_score": 0.2948207171314741}
{"auc": 0.6680928845085252, "thresholds": 0.43653317158633853, "acc": 0.5223214285714286, "pre": 0.3738898756660746, "rec": 0.9053763440860215, "f1_score": 0.5292269013199246}
{"auc": 0.6305793233543825, "thresholds": 0.5846463472295974, "acc": 0.7882653061224489, "pre": 0.2255892255892256, "rec": 0.39644970414201186, "f1_score": 0.28755364806866957}
{"auc": 0.6766033194604623, "thresholds": 0.44821412559297963, "acc": 0.47130102040816324, "pre": 0.22113502935420742, "rec": 0.8725868725868726, "f1_score": 0.35284933645589384}
{"auc": 0.6477921790555194, "thresholds": 0.5286917592485095, "acc": 0.6790666744709356, "pre": 0.29531534804992254, "rec": 0.5498237296686911, "f1_score": 0.3698947873247204}
