{"auc": 0.6392702550187708, "thresholds": 0.15007973961873208, "acc": 0.6182281708094327, "pre": 0.5225988700564972, "rec": 0.5863708399366085, "f1_score": 0.5526512322628827}
{"auc": 0.6264289833877463, "thresholds": 0.2636295627556828, "acc": 0.7265774378585086, "pre": 0.33240997229916897, "rec": 0.38961038961038963, "f1_score": 0.35874439461883406}
{"auc": 0.6735121197146514, "thresholds": 0.2104372883092147, "acc": 0.6692160611854685, "pre": 0.2517605633802817, "rec": 0.6033755274261603, "f1_score": 0.35527950310559003}
{"auc": 0.6320559662768677, "thresholds": 0.2909794486849024, "acc": 0.7297641810070108, "pre": 0.3224932249322493, "rec": 0.4061433447098976, "f1_score": 0.3595166163141994}
{"auc": 0.6589532217746429, "thresholds": 0.1532473440991314, "acc": 0.6303377947737412, "pre": 0.1848341232227488, "rec": 0.6464088397790055, "f1_score": 0.28746928746928746}
{"auc": 0.6436105111591073, "thresholds": 0.3314642638443502, "acc": 0.7845761631612492, "pre": 0.24516129032258063, "rec": 0.4222222222222222, "f1_score": 0.31020408163265306}
{"auc": 0.6094465847563514, "thresholds": 0.20679812426488164, "acc": 0.6970663265306123, "pre": 0.19607843137254902, "rec": 0.45918367346938777, "f1_score": 0.2748091603053435}
{"auc": 0.6368252761286424, "thresholds": 0.16089563860364728, "acc": 0.6020408163265306, "pre": 0.39271255060728744, "rec": 0.6258064516129033, "f1_score": 0.48258706467661694}
{"auc": 0.6352614504866112, "thresholds": 0.26107175351453216, "acc": 0.767219387755102, "pre": 0.2134502923976608, "rec": 0.4319526627218935, "f1_score": 0.2857142857142857}
{"auc": 0.636828195651725, "thresholds": 0.31506881695211897, "acc": 0.7653061224489796, "pre": 0.3201320132013201, "rec": 0.3745173745173745, "f1_score": 0.34519572953736655}
{"auc": 0.6392192564355117, "thresholds": 0.23436719806471937, "acc": 0.6990332461856635, "pre": 0.2981631331792344, "rec": 0.4945591326005842, "f1_score": 0.3612171355637059}
