{"auc": 0.6250908126336847, "thresholds": 0.5502155423164368, "acc": 0.6137667304015296, "pre": 0.5185735512630015, "rec": 0.5530903328050714, "f1_score": 0.5352760736196319}
{"auc": 0.6407664500448005, "thresholds": 0.5620852708816528, "acc": 0.48820905035054174, "pre": 0.24719101123595505, "rec": 0.7857142857142857, "f1_score": 0.37606837606837606}
{"auc": 0.686727867107614, "thresholds": 0.6085248589515686, "acc": 0.7355003186743149, "pre": 0.29107981220657275, "rec": 0.5232067510548524, "f1_score": 0.3740573152337858}
{"auc": 0.6538978997935101, "thresholds": 0.6039668321609497, "acc": 0.6959847036328872, "pre": 0.3008658008658009, "rec": 0.47440273037542663, "f1_score": 0.3682119205298014}
{"auc": 0.6343858964765074, "thresholds": 0.5827152729034424, "acc": 0.681325685149777, "pre": 0.1926782273603083, "rec": 0.5524861878453039, "f1_score": 0.28571428571428575}
{"auc": 0.6444044476441884, "thresholds": 0.6104387640953064, "acc": 0.7660930528999362, "pre": 0.23054755043227665, "rec": 0.4444444444444444, "f1_score": 0.3036053130929791}
{"auc": 0.6145021419646577, "thresholds": 0.6097233295440674, "acc": 0.7334183673469388, "pre": 0.21683673469387754, "rec": 0.4336734693877551, "f1_score": 0.2891156462585034}
{"auc": 0.6636075610017645, "thresholds": 0.5486119985580444, "acc": 0.5210459183673469, "pre": 0.3736749116607774, "rec": 0.9096774193548387, "f1_score": 0.5297432686286788}
{"auc": 0.6338826126861536, "thresholds": 0.6579461097717285, "acc": 0.8214285714285714, "pre": 0.26382978723404255, "rec": 0.3668639053254438, "f1_score": 0.30693069306930687}
{"auc": 0.6604808999766982, "thresholds": 0.5635248422622681, "acc": 0.4387755102040816, "pre": 0.2116991643454039, "rec": 0.8803088803088803, "f1_score": 0.3413173652694611}
{"auc": 0.645774658932958, "thresholds": 0.5897752642631531, "acc": 0.6495547908455925, "pre": 0.28469765512980166, "rec": 0.5923868406616302, "f1_score": 0.37100402574848096}
